Name,ID Number,Address
Tabitha Webster,951007109203,"79491 Greene Port
New Elizabethside, NC 55470"
Elizabeth Ferguson,801230018480,"181 Andrea Run Apt. 314
West Jacqueline, NV 68967"
Elaine Dawson,731228023746,"PSC 1294, Box 8776
APO AE 89375"
Mark Houston,780815053270,"29990 Thomas Field
Williammouth, MO 13723"
Alexis Lowe,971201092228,"82761 Villanueva Shore Apt. 283
Lake Kristen, FM 67839"
Dr. Willie Hall,810827029922,"5808 Jesse Trail
Nicholsland, AZ 76238"
Tracey Shepherd,920826059777,"30265 Burke Forks Suite 812
New Stevenland, DE 92132"
Pamela Martinez,751023078049,"78872 Lisa Coves
Ricebury, IA 46771"
Thomas Berry,830226098995,"USS Fitzpatrick
FPO AA 38806"
Kayla Mann,820630117848,"957 Woods Villages Apt. 916
South Jessica, WI 64730"
Hailey Anderson,781028114092,"9708 Jenkins Underpass
West Ryan, AR 91263"
Scott Miranda,870803068661,"PSC 1963, Box 6938
APO AE 21492"
Dawn Williams,870406094210,"999 Pena Falls Apt. 506
Smithhaven, WI 59961"
Nancy Singh,901016106638,"86482 Smith Trace
Port Aliciaview, PW 78271"
Bonnie Mack,840109022379,"7479 Lee Haven
Lake Erik, DC 35893"
Martin Campbell,980330097929,"69037 Nathan Dam
West Charles, AR 20214"
Donald Robertson,841203045609,"4811 Leah Hill
West Jennifer, WY 79035"
Russell Campbell,921230112476,"0182 Edwin Points
Port Jessica, NJ 35961"
Paul Thompson,930825043409,"USNS Costa
FPO AA 03012"
Sarah Maldonado,980322091119,"USNV Martinez
FPO AE 25541"
Craig Lee,970409089413,"907 Ashley Shoal
Smithport, OH 70047"
Katherine Williams,841220038884,"8063 Steele Mills
North Raven, VA 25170"
Miss Amanda Medina,891008029114,"07516 Williams Estate
New Nicholashaven, MI 84362"
Holly Weaver,860213127822,"USCGC King
FPO AA 83170"
Mitchell Little,940723018174,"Unit 3381 Box 3098
DPO AP 82771"
Sarah Abbott,900225026323,"Unit 5458 Box 5480
DPO AA 73231"
Kevin Morgan,701125022000,"04133 Amy Knolls
Morrisonfurt, NY 25746"
Derek Edwards,750320076476,"1572 Kim Canyon
North Nancy, ME 40753"
Sandra Chapman,971005064279,"761 Theodore Cove Apt. 341
Port Erinbury, NV 41660"
Robin Cole,980104114260,"0516 Charles Square Apt. 684
South Jamesside, VI 16194"
Margaret Flores,710117085251,"8028 Tammy Dale
Johnmouth, WV 22852"
Kurt Lara,950316118982,"02856 Ryan Port
North Roberttown, CT 96384"
Tara Wells,911124127884,"744 Bridges Burgs
Lake Nataliechester, VT 57772"
Jennifer Moore,840526103067,"12191 Matthew Brook Suite 028
Elizabethland, NE 60836"
James Perez,800301039668,"6252 Amy Ridge Apt. 564
Morafort, MA 94218"
Jodi Barnes,980415081286,"Unit 9271 Box 3170
DPO AE 39948"
Cody Gray,751028084476,"817 Hodge Center
Rivasview, MS 44124"
Ronald Hunt,881113083336,"392 Mcclure Field
Connietown, NM 78933"
Clayton Sexton,870510067854,"447 Kenneth Bridge
Port Kathy, GA 02705"
Antonio Velasquez,881213082826,"PSC 8338, Box 5120
APO AA 97832"
Wendy Harris,980915115805,"230 Denise Turnpike Apt. 779
South Robinberg, AS 47289"
Michael Payne,970717038373,"1586 Elizabeth Mall Suite 236
Terrymouth, MS 33337"
Wesley Gross,711019083231,"33216 Kelley Dam
South Carolyn, PR 98848"
Benjamin Chan,710120023725,"027 Brandon Manors Apt. 061
West Barbarahaven, DC 29514"
Rachel Collins,801020077219,"660 Sharon Mountain
Elizabethbury, NV 60234"
Mark Velasquez,971205057448,"98795 Donald Springs Suite 596
New Ashley, SC 01086"
Stephanie Murphy,921104046207,"26383 Lindsey Alley
Port Amanda, MS 08130"
Kelsey Harrison,870819103289,"116 Zachary Green Suite 033
Henryville, NJ 89071"
Katie Price,900918050905,"00304 Hill Fords
North Ashley, LA 72056"
Jacob Jones,980531120270,"88413 Renee Station Apt. 732
North Kevin, AK 89932"
Patrick Briggs,991018120053,"5199 Rebecca Dam Apt. 750
Robertfort, WI 43344"
Bonnie Vincent,781101116787,"USCGC Williams
FPO AA 07571"
Matthew Munoz,730519045433,"7545 Watts Center
New Robyn, TN 39545"
Kevin Henderson,770208011691,"856 Phillips Crescent Apt. 184
Danieltown, CT 85665"
Mathew Booker,911208088073,"564 Terrell Inlet
Smithmouth, NY 12631"
Summer Mosley,700413029031,"19848 Jennifer Summit
Port Wendyville, ID 35102"
Claire Lawrence,731206052988,"24230 Clay Squares Suite 696
North Sandraborough, WV 85128"
Michael Mccullough,970526031884,"5543 Tyler Points Suite 625
Robertville, VT 43917"
Kyle Weiss,760919088844,"7935 Kathleen Springs
Willisview, VT 23643"
Kyle Davenport,970630027239,"44834 Kline Locks
East Tracybury, WV 71795"
Katherine Riley,860927113005,"06011 Stein Estates
Thomasville, NM 01920"
Elizabeth Robles,700921035368,"7133 Roy Isle Suite 545
Mercedesfurt, OR 16854"
Brianna Peterson,740529029803,"56333 Gomez Key Apt. 394
Moorechester, MT 80478"
Christina Harper,980428096692,"50625 Christina Cove Apt. 659
South Jacquelineshire, OR 58007"
Amanda Davila,940715127218,"6086 Sydney Mill Suite 025
Fostermouth, NJ 54520"
Stephanie Fields,921115096088,"045 Velasquez Ports Apt. 383
North Frankstad, WY 17247"
William Graham,780828104770,"07902 Andre Walk Suite 641
Barbaraview, GU 15550"
Kevin Shelton,791130053727,"5570 Brewer Landing Suite 660
Davidview, MD 94632"
Angela Figueroa,880219060568,"18462 Williams Isle
North Carrietown, NC 01249"
Mr. Eric Barber MD,880107125399,"679 Matthew Dale Apt. 991
North Anthony, AL 16530"
Janet Carpenter,720510091802,"83441 Barnes Hill
Jameshaven, WV 02524"
Garrett Bailey,880503110979,"244 Andrews Meadow
Tanyafort, NE 60776"
Larry Scott,780510046896,"4909 Anderson Track
Williamhaven, OK 49952"
Todd James,771113016962,"1153 Burgess Ville Apt. 407
West Matthew, SC 70918"
Yolanda Skinner,931025062017,"6906 Aaron Inlet
Port John, AR 56822"
Wendy Clements,810210052466,"487 Wilson Cape Suite 667
South Brianview, MA 18279"
Lisa Wood,820702028587,"75910 Lawson Track
Maryfurt, NY 38102"
Pamela Garcia,950311119495,"7350 Martinez Crest
West Justin, OR 64581"
Michael Stephens,771028097073,"282 Ryan Cape
Nelsonfort, KS 17934"
Brenda Cummings,701007032866,"5657 Melendez Glen
West Zachary, WY 97794"
Tonya Booker,780430021641,"4004 Grace Drive
South Kristy, NY 52834"
Adam Zimmerman,750428106969,"634 Mark Brook Suite 123
Abigailmouth, SD 52984"
Taylor Arroyo,730416077403,"9169 Nancy Lakes Suite 433
Port Jacobton, VI 25387"
Connie Jimenez,781003022346,"857 Daniel Track Suite 888
Nicholschester, OK 66854"
David Fisher,771117013865,"PSC 1632, Box 2653
APO AA 76808"
Sarah Burns,820816117600,"7998 Breanna Isle
Lanceport, DC 18186"
Andrea Hogan,750602051637,"4272 Cynthia Rest
Rebeccafort, KS 01467"
Amanda Morgan,950620077407,"08359 Mccormick Cove Apt. 855
Cassidyview, MA 09411"
David Wright,791226122073,"6414 Donald Stravenue Suite 799
Williamsberg, LA 61765"
Bonnie Ramirez,850724116034,"3947 Susan Loaf
Porterbury, VT 92404"
Miguel Jimenez,830724014396,"2412 Shelton Ville
Sandovalshire, NC 45749"
Christina Hayes,750929091866,"1267 Andrews Estates Apt. 064
Port Albert, VT 19676"
Cheyenne Maldonado,730912018225,"29750 Jensen Ports Suite 027
Gardnerberg, OH 44083"
Dana Nelson,970622105431,"374 Hines Drives
Cesarburgh, IN 64773"
Amanda Villanueva,970118030009,"705 Jones Islands Suite 673
Joshuaview, SD 44345"
Maria Stark,820607129538,"44374 Gill Extensions
Lake Caitlin, UT 71706"
Mr. Calvin George,940215101003,"283 Kendra Mission Suite 131
Nelsontown, NH 20693"
Ricardo Hancock,912058831,"09688 Melissa Haven Apt. 974
West Kennethview, VT 16319"
Mr. Isaac Oneal,750303103894,"54488 Amber Loop Apt. 167
Harrisontown, CO 71631"
Joseph Lopez,810822051323,"9497 Adams Center
Lake Karenshire, VI 87843"
Andrew Williams,830425013863,"817 Andrew Road
East Shawnchester, FM 22494"
Ellen Gregory,891015064581,"19561 Eric Dale Suite 391
North Leebury, MT 16085"
Kelsey Washington,790216108022,"9430 Alyssa Court Suite 581
Nicholaschester, AZ 44029"
Rhonda Lamb,980125086605,"56320 Jeremy Lakes Suite 246
Haasstad, NJ 09328"
Deanna Williams,751027123471,"PSC 7371, Box 1426
APO AA 97670"
Tyler Campbell,931112104146,"8316 Stevenson Squares
North Jeffery, FL 19678"
William Osborn,900619019351,"1435 Kaitlin Trafficway Suite 237
Guerraberg, NE 98784"
Stephanie Ferguson,721227082810,"9448 Braun Keys
Stephaniemouth, TX 05162"
Nathaniel Greene,870722010642,"4349 Zuniga Prairie
North Jeffrey, VA 70338"
Charles Chapman,730829086752,"194 Fox Passage Apt. 960
Harperfurt, PR 44721"
Daniel Morse II,751031042391,"65316 Brent Walks Apt. 936
Morganton, CO 55762"
Desiree Anderson,950603061220,"601 Mary Glens Apt. 084
New Eddiebury, ME 16205"
Jose Gamble,740712026296,"885 Franklin Mountain
Lake Raymond, NC 41078"
Mr. Matthew Coleman,800110037600,"985 Gabrielle Gardens Apt. 838
Johnsonmouth, MS 81531"
Carla Smith,941217100014,"2738 Philip Groves Suite 778
Walkerchester, DC 67998"
Devon Williams,921209087589,"96107 Jasmin Road Apt. 677
Jacksonside, WA 78892"
Jordan Arnold,750605099533,"Unit 3402 Box 8627
DPO AA 06611"
Michael Jones,870920040991,"5109 Warren Plaza
New Brooke, MD 37782"
Connor Conrad,710713012424,"13855 Williams Circles Apt. 642
Farrellberg, MI 79434"
John Chung,740804115568,"5029 Luna Ranch Suite 064
Jeanneview, PR 31469"
David Fisher,880304020762,"9903 Hayden Shores
West Saraberg, AR 55998"
Jeffrey Mercado,780513020187,"891 Carlos Plaza
West Jennifer, VT 57110"
Chris Ruiz,850606033595,"3760 Sean Junctions
Arellanotown, MS 78392"
Christy Lang,810512102636,"66685 Poole Vista
Lake Cindyton, NV 33472"
Latoya Frank,811022036340,"2223 Kristy Place Suite 616
Russellchester, AK 63830"
Dr. Jane Becker,960518117491,"5440 Julia Rapids Apt. 176
Theresaview, KS 67873"
Aaron Preston,760807089169,"56100 Jessica Stream
Michaelmouth, IL 70417"
Patrick Campos,770109124327,"8653 Norma Burgs Apt. 907
Port Christine, ME 51688"
Jennifer Webster,780822125169,"899 Jeremy Harbors Apt. 428
North Brittany, MS 20645"
Lauren Patton,791118085021,"9523 Hudson Mountain
Melissamouth, RI 67047"
Michael Foster,720302044298,"7599 Jason Light
North Ronnieland, OK 26929"
Crystal Walker,961111052454,"626 Paul Villages Apt. 224
Lake Donald, AZ 40115"
Tiffany Harvey,701204090209,"0097 James Spurs Apt. 034
Garciaport, AL 15551"
Vickie Mccoy,980815014556,"63375 Hinton Islands
Gregoryberg, IL 49165"
Terri Grimes,980424033456,"90877 Tiffany Flats
Jenkinsville, FL 23029"
Shawn Nelson,780417013363,"4936 Michael Motorway
Graytown, AK 60352"
Katherine Berg,841127054766,"19860 Gregory Shores
Robertmouth, NV 79681"
Cameron Carrillo,940802056362,"737 Colleen Points Apt. 954
Debraborough, HI 83055"
Donald Graham,810204089603,"407 Good Wells
Leemouth, OK 56389"
Melanie Martinez,991219125939,"53252 Phelps Underpass Suite 733
Lynnburgh, AR 37353"
Steven Conner DVM,711114096951,"240 Ashlee Radial Apt. 312
West Melody, AL 12055"
Zachary Richardson,800405102251,"32796 Amanda Ridge
New Linda, NV 24178"
Brandon Martin,790119028940,"2198 Soto Meadows Apt. 090
New Brianstad, PW 25502"
Andrew Clark,790426100722,"2110 Salinas Drives Suite 404
West William, GU 01067"
Timothy Mack,871119097253,"198 Parker Port
North Willie, WI 42756"
Jessica Clark,890617038906,"92915 Johnson Place
Kyleville, MO 39507"
Maria Johnson,840918083954,"05362 Teresa Groves
Lake Bruceshire, GU 16444"
Emily Ramirez,870306010679,"082 Heather Ferry Suite 417
Chapmanfort, CO 19816"
Tamara Cooke,850621048386,"4952 Melinda Junction
Benjaminberg, WY 49449"
Amanda Mullen,770624090632,"3140 Joseph Prairie Suite 943
Wilsonmouth, OR 33218"
Jaime Perez,990125049116,"3350 Sandra Ports
Port Antonioborough, AK 03000"
Rachel Murray,770501029454,"485 Isabella Lock Apt. 889
Timothyside, CO 11397"
Lauren Allen,900608046861,"75558 Bowen Squares Suite 947
East Jacquelinehaven, RI 46990"
Mrs. Amy Clark,710826027278,"35493 Elliott Dam
Sotohaven, MA 92865"
Brenda Harris,780505049203,"237 Russell Village
Marcmouth, GA 32706"
Carolyn Olson PhD,750306118874,"6429 Mendoza Lock
Medinafurt, AL 59525"
Susan Davenport,771213103861,"646 Christopher Square Apt. 506
Christinetown, VT 27479"
Harry Figueroa,951118110125,"17950 Tiffany Wall
Damonburgh, OH 25597"
Lawrence Jones,990321037501,"189 Sabrina Villages Apt. 557
Gibsonshire, NM 65596"
Kenneth Burns,821030022680,"20793 Stacey Walks
South Monique, AZ 99091"
Sean Stevenson,951211085241,"49609 Blackburn Street
West Jenniferside, CA 35091"
Monica Flores,940517018591,"8151 Tyler Land Suite 897
Jimeneztown, CA 01180"
Gabriel Green,750324015744,"695 Amy Camp Apt. 267
East Jason, LA 83075"
Kaitlyn Cline,740720104749,"648 Williams Ports Suite 481
Port James, PA 56940"
Jeffery Butler,810710042204,"767 Lowery Ways
Williamsmouth, IL 98369"
Mary Booth,970511128109,"3115 Hunter Cliffs
Patriciabury, PA 63478"
Maria Schultz,741012117805,"19019 Moses Square Apt. 681
South Dylanhaven, MN 57434"
Kelly Weaver,890414017181,"720 Hardin Skyway Apt. 412
Port Tyler, MN 86856"
Dennis Rogers,880416060742,"5904 Karen Wall
Gonzalezhaven, OH 55332"
Angela Hicks,841108096704,"28586 Yang Freeway Apt. 799
Laceybury, NY 64818"
Michael Branch,313029935,"Unit 8486 Box 6491
DPO AP 58987"
Lucas Vasquez,820929071996,"12885 Parsons Street
South Stacey, WI 29232"
Elizabeth Garrison,850816042679,"1472 Moore Fall
Gonzalesshire, OH 75217"
Shelia Walters,790211124708,"446 Collin Plaza
Lake Gregory, PW 63959"
Denise Lee,900131124467,"533 Sanchez Loaf Suite 412
Ashleyshire, IN 60077"
Jeffrey Bowman,910923060792,"8971 Elizabeth Valley
Tylerton, AK 19028"
Natalie Brown,890222044436,"PSC 1386, Box 9163
APO AP 60087"
Derrick Gill,911109082576,"14431 Julie Street Apt. 505
Erikashire, OK 21179"
Deborah Moore,760214023066,"740 Roger Path
Harrisstad, SC 57024"
James Benton,940605077030,"35507 Gregory Avenue
Richardstad, NC 55581"
Collin Spencer,760820081718,"81594 Hopkins Squares Apt. 216
West Timothy, MA 44314"
John Brewer,750925120646,"0813 Williams Mountains
North Ashley, ND 91420"
Monica Green,790323063775,"2513 Ortiz Springs Apt. 080
Lake Carolburgh, IN 44489"
Michael Mcdowell,980121111049,"93291 Tami Crossing Apt. 897
Blackstad, MP 58322"
Susan Lambert,721208046891,"774 Chambers Row Suite 810
Port Lori, OK 42662"
John Proctor,810212024424,"71689 Shannon Mews
Alexanderport, AK 41071"
Bradley Shannon,1128063732,"21649 Jefferson Ville
Mckeestad, AZ 27480"
Troy Wyatt,950109088372,"Unit 8807 Box 5860
DPO AA 94589"
Mark Collins,760724079189,"44861 Kayla Islands
New Stephanieborough, NJ 32460"
Melvin Stark,921029073935,"5582 Brenda Underpass
Kyleview, MO 09835"
Elizabeth Nolan,801025060804,"515 Karen Corner
Adamberg, MN 99757"
Eric Wilson,860917102614,"4273 Amy Loaf Apt. 506
Port Robinville, MH 63523"
John Green,850805047820,"Unit 5801 Box 0955
DPO AE 06398"
Gary Cole,840305115979,"09484 Anderson Center
Caseyland, NV 55340"
Stephanie Herman,980425109391,"91675 Catherine Pike Apt. 733
Delgadoland, RI 20504"
Justin Jackson,940822031209,"327 Maldonado Vista
South Caleb, HI 95859"
Russell Osborne,731024117134,"346 Brian Lakes
North Gregoryberg, KS 46987"
Melanie Fowler,981031026472,"8000 Herring Village
Port Alex, FM 75944"
Veronica Cline,740525038891,"7668 George Forges
New Deniseview, WI 23490"
Andrew Johnson,830731016292,"490 Alicia Flats Apt. 033
Hansenfort, IN 84413"
Robert Mack,871008120216,"00025 Michael Squares Apt. 002
South Jermaine, NV 23363"
Levi Williams,940726070339,"8189 Garcia Path
Johnsonshire, PR 96198"
John Cook,871220072818,"Unit 1506 Box 5771
DPO AE 87027"
Scott Campbell,801030068389,"846 Coleman Pass Apt. 452
South Josemouth, MH 93411"
Lisa Butler,730709028740,"777 Patterson View Apt. 672
West Mark, PA 15031"
Michael Smith,840606084627,"413 Stout Alley Apt. 185
Jonathanshire, WV 05505"
Stephen Floyd,840617118689,"USNS Johnson
FPO AP 44461"
Angela Price,830702030934,"PSC 9516, Box 7606
APO AE 87905"
Michael Hicks,880422064225,"614 Sanchez Street Apt. 054
Port Michele, WY 74375"
Kayla Collins,851103079467,"Unit 2689 Box 6163
DPO AE 15661"
Diana Schaefer,812017034,"795 Jeffrey Cliffs Suite 285
Gardnerbury, WA 83453"
Christopher Gonzales,910718046409,"79601 Evans Way
Lake Ambermouth, WI 27703"
Travis Bridges,750521030612,"224 Rodriguez Fork Suite 118
East Chase, NY 95716"
Kim Boyd,920714117583,"PSC 7122, Box 3216
APO AA 95115"
Michael Mcbride,770310080673,"696 Trevino Mountains
Victoriafurt, MP 94159"
Karen Jones,851008118894,"4247 Leonard Mission
Branchtown, UT 11621"
Melissa Huang,960702101017,"8216 Rebecca Rest Apt. 372
Avilaville, MH 17935"
Tanya Smith,741126076393,"66662 Jeffrey Spring
North Megan, NV 65150"
Dr. Derek Stevenson,780110121716,"56356 Castillo Pine
Lake Abigail, GU 44092"
George Chan,960516082146,"34295 Marisa Junction Suite 499
Jacquelineborough, MH 03831"
Kara Smith,991208042319,"150 Berg Ports Suite 068
Kristenmouth, KS 08891"
John Harrison,931125099666,"277 Nathan Highway
Port Linda, CT 93402"
Kenneth West,901103104577,"6059 Jennifer Spring
Samanthahaven, DC 03044"
Michael Nunez,880816051058,"6599 Richards Forge Suite 648
Port Johnny, IA 45673"
Patrick Munoz,911115047674,"1014 James Union
North Gabrielville, LA 03660"
Alicia Lara,760114050946,"PSC 5625, Box 9402
APO AA 32414"
Nicole Wright,730710058510,"Unit 8947 Box 6008
DPO AA 87269"
Darin James,921009057197,"413 Jacqueline Drives Apt. 370
Port Karen, WY 33770"
Gregory Frank,770327111607,"5707 Rice Fields Apt. 453
Michaelport, AS 03339"
Robert Taylor,800923118428,"99373 Hodges Mount
Wagnerbury, MS 24473"
Kathryn Carroll,710522127662,"43328 Jones Light Apt. 314
Rodriguezstad, KS 88529"
Kelly Barnett,860816109856,"9680 Denise Green
Wilsonstad, IN 28151"
Patricia Hill,770326125229,"696 Anna Greens Suite 409
Lake Ginashire, AL 62630"
Tony Neal,951115070882,"Unit 8998 Box 5721
DPO AE 24557"
Alexander Caldwell,751031035276,"Unit 4082 Box 7236
DPO AA 29998"
Natasha Diaz,751026015910,"USNV Fields
FPO AP 55266"
Sandra Anderson,990711011723,"5089 Archer Forge
Christianfort, PR 63339"
Michelle Oliver,860331093852,"96717 Rush Flats
Charlesview, IA 17264"
Michelle Potts,750824079694,"59349 Nancy Ports
Cummingsmouth, HI 96358"
Mary Ball,850822075949,"22507 Danielle Canyon Apt. 445
Lake Debrahaven, UT 54399"
Glenn Valdez,760405022903,"5509 Coffey Square Suite 096
Michelleshire, MD 81181"
Mary Pratt,780220094643,"1676 Rodriguez Knolls Apt. 577
Marymouth, MP 89897"
Matthew Gonzales,840422114215,"778 Jason Inlet
Nicoletown, MS 64086"
Sarah Rojas,780628087704,"4328 Leroy Underpass
South Valerie, UT 17694"
Ashley Holland,760219027820,"2726 Edwards Plaza Apt. 901
West Christopherstad, PW 69391"
Sean Fritz,921222099017,"568 Wilkinson Gardens Suite 099
East Diana, GU 95907"
Michael Clark MD,780713010844,"52354 Mathis Meadow
Santosburgh, OH 32878"
Darryl Jones,920520049126,"8005 Emily Landing
Lake Paulberg, FL 75524"
Charles Ramirez,981231088304,"7493 Steele Pines
Johnathanport, NV 72098"
Christopher Moss,971126070536,"890 Nicole Extension Suite 388
East Caitlinmouth, OH 18066"
James Avery,960715034746,"18047 Russell Terrace
Sotoland, IL 52040"
John Wood,890425101246,"PSC 6296, Box 0726
APO AE 04663"
Laura Wagner,740506101886,"00899 Nancy Spring Suite 867
Watsonbury, RI 38025"
Catherine Holloway,920212031536,"993 Owens Springs Suite 031
Amyhaven, WY 09454"
Lawrence Baker,780219059449,"57131 Sarah Courts
New Ashleyhaven, MD 30729"
Spencer Lindsey,810704023121,"0542 Jasmin Neck
Osbornemouth, WA 77345"
Julia Williamson,910504097288,"7214 Angela Falls
Rossland, NH 78023"
Carrie Bailey,740521049747,"98302 Penny Mission Suite 711
South Richardland, TX 70711"
Harold Chandler,880402047444,"177 Paul Orchard
South Alexander, RI 23455"
Monica Stuart,710115082241,"129 Bentley Branch Apt. 578
Lake Zacharychester, MO 45687"
Sharon Sanders,700805127166,"066 Bailey Highway
North Matthew, OK 85893"
Amber Fernandez,881001029650,"7003 Johnson Glen
Brianberg, OR 90706"
Jermaine Hill,850911088485,"75337 Frazier Locks Apt. 538
Port Thomas, CA 25659"
Ryan Harris,950426091060,"33184 Shawn Green
Pattersonborough, CA 04544"
Brenda Cooper,780622117711,"9730 Jill Forest
Ryanville, WI 27201"
Paul Hoffman,860821052105,"156 Ward Centers Apt. 119
Dudleyview, WY 46502"
Cathy Paul,790519082271,"6544 Walsh Key
Juanville, AL 28712"
Heather Noble,980218082341,"987 Torres Plaza
Lake Terry, KY 95044"
Travis Evans,970812022082,"037 Nicole Tunnel Suite 705
Lake Aprilchester, MA 89095"
Mike Underwood,741117103826,"77702 Johnson Fords
Osborneville, MA 65725"
Ian Noble,991207042358,"432 Sydney Ways Apt. 962
Hahnburgh, NE 03711"
Kathryn Kim,990422027992,"4944 Juarez Mountains Suite 160
West Kristinatown, CA 11964"
Christina Kim,960517031322,"4123 Lisa Mountains
Jameschester, GA 67678"
Austin Thomas,980722050221,"675 Chavez Corner Apt. 801
Natalieshire, CT 98349"
Sarah Stewart,971211105919,"62473 Johnson Mill
Port Antonio, NH 01268"
Paul Page,990227077494,"945 Tyler Loaf Apt. 758
North Noah, WV 40663"
Crystal Meyers,730303076325,"51341 Sloan Greens Suite 140
East Michaelport, WI 14985"
Peggy Simmons,931225120564,"676 Kennedy Meadows
Sullivanland, MS 40567"
Rachel Rivera,861121080156,"0515 Cantrell Parks Suite 208
New David, MS 92203"
Sean Wilson,970126069159,"5660 Barnes Gateway Apt. 928
Jasonshire, CA 95596"
Daniel Carter,920526094689,"2506 Miller Skyway Suite 232
Simonport, NC 49007"
Rachel Morris,880216036877,"3050 Daniel Shoals
Wiseburgh, MH 99130"
Carlos Garcia,741116109661,"17664 David Forge
North Janechester, TX 56486"
Mandy Logan,950518023433,"PSC 5103, Box 3260
APO AE 88111"
Andrea Reilly,850207017236,"188 Dixon Vista Apt. 579
Lake Christopher, ND 98225"
Karen Gomez,950125072388,"1383 Gray Extensions
East Kimberly, NV 83460"
Kimberly Douglas,841205087574,"92150 Obrien Route Apt. 721
North Tiffanyfurt, ND 79335"
Brandon Lopez,831221112613,"3533 James Burg
Port Levimouth, MI 90238"
Jessica Martinez,910727053674,"82406 Roberto Field
Lake Amymouth, TX 47998"
Julie English,890325024487,"607 Roberts Prairie Apt. 425
West Joanburgh, SC 94838"
Christopher Morales,1117121246,"648 Ingram Land
Port Petermouth, AZ 41614"
Brandon Thomas,801113027659,"769 Wall Stravenue
North Jessicaside, GU 86313"
Amy Wilson,990116032898,"1234 Zimmerman Flat
North Mitchellmouth, AK 58430"
Valerie Sanchez,790705100552,"1406 Dixon Brooks Apt. 377
Lake James, MA 62603"
Reginald Green,980930053069,"3773 Alec Shores
East Erica, SD 24875"
William Russell,930118100999,"48425 Cline Rue Suite 733
New Wyattland, FM 04079"
Wendy Green,770802062858,"5821 Elizabeth Lights
Lake John, ID 40077"
Jeffrey Gonzalez,760311125950,"1378 Taylor Spring Apt. 075
Perezville, OR 21867"
Denise Smith,950909052321,"0348 Diane Meadow Apt. 120
New Victoriatown, AS 64282"
Jesus Jenkins,760511073044,"137 Lee Bypass
Lake Robin, KY 29942"
Justin Martinez,700608078811,"724 Ali Junction Apt. 832
Port Geoffrey, MA 64902"
John Martin MD,720919109583,"26561 Anderson Pine
Port Terryport, MH 86827"
Renee Pope,750205096783,"0794 Perry Mills
Waltersburgh, KY 94893"
Matthew Smith,760123122984,"PSC 7789, Box 2453
APO AA 90193"
Vanessa Roberts,841230015139,"63940 Mooney Divide
Jorgeborough, NC 83501"
Michelle Vargas,980611081958,"USCGC Farley
FPO AA 74774"
Alexandra Fields,770212029142,"0928 Diana Forges Apt. 433
North Gregory, MD 46697"
Brian Jensen,790120109419,"95093 Ashley Common
Port Bradley, HI 35148"
Christine Coleman,770509048792,"28865 Amanda Extensions
North Brian, GU 24251"
Sharon Diaz,701117068350,"84147 Morris Shores
West Jeremyhaven, GA 34917"
Natalie Tran,861113072357,"55128 Martin Highway
North Bettyfurt, NC 39961"
Tyler Reeves,107024121,"22976 Garrison Curve Suite 561
Matthewmouth, WV 33366"
Michelle Joseph,430017161,"286 Navarro Divide Suite 325
West Brittany, VI 03238"
Brian Washington,731106049037,"6949 Ortiz Throughway
New David, CT 07061"
George Higgins,800331093437,"59189 Lisa River
Birdborough, WA 26979"
Veronica Chan,760908023865,"15774 Murray Forest
Schwartzmouth, NH 33335"
Michael Richards Jr.,840204081426,"71356 Morris Spurs
Nicoleview, KY 89802"
Mary Scott,870204122170,"7987 Ramirez Points Apt. 349
Fisherchester, MP 64758"
Lauren Nelson,226083182,"008 Price Burg
West Matthewburgh, OR 42554"
Heather Simmons,940426103827,"Unit 5552 Box 7940
DPO AE 37908"
Jesse Daniel MD,981224071406,"78840 Katelyn Ridges Apt. 299
Ryanland, IL 85543"
Joanne Allen,990811096767,"551 Lori Ferry Apt. 356
Cookeland, KY 57852"
Matthew Martinez,800406066234,"61794 Bryan Pines
West Paulfurt, TX 45532"
James Long,920831113707,"44713 Butler Hollow
Wrighttown, ME 79589"
Mark Fowler,851221064804,"94201 Ashley Shoal
Leonshire, LA 31709"
Rebecca Thomas,910501073419,"175 Sanders Vista
Michaelside, PA 61492"
Zoe Allen,791018064727,"2390 Dylan Drive Suite 698
East Matthew, CO 99108"
Samantha Warren,710329019804,"04868 Miller Mount Suite 495
North Brian, CA 16171"
Alexis Mercado,850913121713,"455 Peterson Tunnel Suite 941
Taylorville, AR 51974"
Julie Weaver,901225036293,"59256 Peggy Prairie
Garciafurt, AL 49447"
Stephanie Brown,861119095984,"74718 Barbara Camp Apt. 680
South Teresaport, MO 14192"
Lindsey Cox,841011038779,"747 Marquez Station Suite 355
Lauraside, AS 02349"
Gregory Foster,700402083449,"PSC 4072, Box 5960
APO AP 55001"
Samuel Conner,950712046700,"872 Palmer Trail
Port Michaelborough, KS 88435"
Kathryn Odom,971213116430,"98122 Renee Fields
Harryborough, SC 26424"
Karen Smith,850819017317,"94177 Sarah Road Suite 094
South Taylor, VT 58775"
Samuel Barker,940822077844,"5600 Kelly Forks Suite 116
West Ann, VT 75825"
Lisa Gallegos,980706085510,"Unit 8990 Box 1347
DPO AP 62292"
Michael Norton,900902028676,"20772 House Square
South Rachel, OR 03442"
Edwin Horn,891026015169,"7327 Zachary Squares
North Lisaview, NY 71643"
Jason Brown,750904121268,"384 Stanton Extensions Apt. 394
Port Amandaport, WV 65444"
William Valenzuela,990531105457,"273 Bennett Inlet Suite 471
Jacobborough, MI 95161"
Michelle Travis,830527038522,"9002 Avila Oval Apt. 959
Lake Susan, GA 20393"
Rachel Allen,840227100898,"34419 Kaylee Oval Suite 298
West Kimberly, AS 09464"
Dawn Hayden,770303032560,"95181 Parker Circle Suite 800
New Summer, DE 52934"
Frances Garrett,820612089326,"8278 Scott Ports Apt. 561
Jasonfort, CA 30537"
Joshua Wagner,920927014986,"PSC 6881, Box 2010
APO AE 93453"
Kathleen Lindsey DVM,941120067965,"054 Benjamin Neck
Cochranmouth, TX 97732"
Charles Farmer,900625102583,"2269 Lopez Walks
Catherineborough, OH 76239"
Michelle Le,740307040005,"341 Gibson Light
Anthonymouth, LA 88441"
Sarah Reilly,740528086568,"565 Johnson Gardens
Elizabethberg, MN 66452"
Angela Allen,841210102231,"8458 Lori Village
Charlesville, AK 65502"
Stanley Johnson,750911129871,"1801 May Field
Josemouth, FM 22416"
Peter Martin,841217033672,"PSC 1822, Box 2432
APO AP 17919"
Catherine Marshall,840124052081,"806 Edwards Locks Suite 345
North Jon, AZ 26979"
Jessica Garcia,820204087515,"0208 Mallory Extensions
Victoriaview, GA 74918"
Robin Yu,860806072884,"PSC 3418, Box 5792
APO AE 64376"
John Cline,990217030726,"8675 Smith Valleys Apt. 202
West Ronaldburgh, MN 51941"
Margaret Griffin,931016129203,"37673 Lucas Fords
West Edwardtown, MO 35163"
Eric Jennings,850615060318,"0415 Jennifer Point Suite 807
West Lindaport, WI 15678"
Carol Wade,780716109331,"2895 Michael Estates
North Patricia, HI 99630"
Colton Williams,871216038429,"4829 Pitts Streets Apt. 999
Cowanmouth, RI 74339"
Angela Fitzpatrick,791013031129,"937 Rebecca Shoal Suite 053
East Matthew, GU 73501"
Bailey Barry,800716125792,"03118 Paul Ranch
West Shawn, LA 52434"
Steven Ruiz,890827017735,"75048 Melanie Station
Stephanieville, NJ 11501"
Sandra Stark,921106102593,"310 Copeland Pass Suite 344
Lake James, NH 11701"
Sharon Anderson,790428050758,"558 Martinez Plaza
South Williamport, NE 49893"
Samuel Moore,921108056396,"PSC 3000, Box 0932
APO AE 42471"
David Hoffman,810227070304,"86265 Parker Ranch Apt. 959
Andrewsborough, MN 92471"
John Medina,810712099833,"8836 Middleton Circles Apt. 232
Port Brianna, DC 04980"
Yvonne Waters,930105103606,"89041 Bowers Passage
New Krystalbury, NY 27004"
Gabriel Mays,780124059448,"31053 Johnson Ville
Perryshire, NY 33926"
Kristine Cherry,800413079480,"1506 Steven Causeway
Lake Davidport, MS 79109"
Daniel Richardson,700206100529,"9414 Monica Path
Millsshire, ME 18430"
Miss Heather Vargas,941128114796,"09601 Murray Ports
Meyerchester, GU 00871"
Jordan Martin,750119058233,"38689 Angela Summit Suite 984
West Denisetown, UT 67968"
Jacqueline Bowers,800105042190,"3393 Allen Summit Apt. 768
Amberview, NE 01743"
Courtney Mullen,810102059133,"510 Roberts Plaza
Port Davidborough, WY 97898"
Thomas Campbell,624070053,"23478 Graham Key
Mandymouth, MI 28906"
Julia Hicks,880502029417,"739 Christine Squares Suite 854
Port Danielleborough, MI 46588"
Robert Freeman,603018403,"512 Porter Ford Suite 175
Lake Edgarhaven, GU 32138"
Kim Gonzalez,821116044203,"4025 Lori Square
Johnfurt, WY 50187"
Jennifer Stewart,800214042034,"63009 Cooley Ways
Davidmouth, AK 76662"
John Castillo,430092828,"841 Nicholas Center Apt. 108
East Robin, ND 40501"
Andrew Harrington,791128055884,"544 Ibarra Plains
Chadside, LA 79403"
Michelle Williams,950811051262,"USCGC Allen
FPO AA 46584"
Carlos Burke,870730106173,"17881 Stephenson Wells Suite 776
South Emilymouth, OR 81943"
Brittany Herrera,890129030629,"PSC 9606, Box 8115
APO AP 83612"
John Forbes,720813055848,"60070 Burns View Apt. 002
Lewisshire, OH 89856"
Shannon Harper,820316102611,"0371 Fleming Rapids Apt. 055
Bowenshire, NJ 61331"
Melissa Watson,826016357,"PSC 8429, Box 2494
APO AE 64885"
Chris Sullivan,820114046912,"9994 Dixon Street Apt. 553
New Elaine, NV 68076"
Rita Johnson,910528119805,"11893 Samantha Islands Apt. 558
Butlerfort, GU 08416"
Shaun Rodriguez,960316057038,"59572 Douglas Lake
Cindyburgh, VA 38901"
Natasha Baker,941108118733,"5066 Ellen Hollow
North Tyrone, TN 50590"
James Simmons,790516054365,"7786 Gonzalez Lock
Houstonberg, ND 40741"
Kara Brown,840215121784,"37035 Larsen Ways Apt. 978
Smithland, WY 26251"
Theresa Rice,730728013464,"5325 Melinda Flat
Brownmouth, NV 64360"
Brent Williams,316041931,"970 Kenneth Radial Apt. 838
North Sarahchester, TN 72432"
Alyssa Ferguson,870223075452,"PSC 8252, Box 2158
APO AE 93317"
David Alvarado,910819097504,"21498 Anthony Shoals
Williamsburgh, AK 11721"
Joseph Cordova,861222124285,"1533 Parker Haven
West Samuel, MD 20653"
Eric Wilson,860913100336,"89488 Rodriguez Islands
Parkerbury, AR 63097"
Kristin Washington,760821061028,"506 Mitchell Park Apt. 571
Andersonville, WA 81399"
Brenda Thomas,750318109026,"95994 Michele Glen
Hallview, GA 50303"
Susan Riley,701006128829,"816 Short Hill
Cristianton, OR 93224"
Emma Stafford,720417010385,"40947 Jacobson Glen
West Kimberly, CT 76615"
Angela Schmidt,990319097055,"609 Roberts Turnpike
East Theresa, MN 20639"
Lauren Thomas,950718030454,"760 Montoya Summit
New Barbara, SC 84960"
Ashley Chase,870222108665,"8388 Martinez Pass
Adamstown, MO 04963"
Zachary Fisher,700820065732,"470 Isaac Unions Suite 308
North Jessica, NM 63677"
Sandra Turner,761016015422,"USNV Harris
FPO AA 26221"
Brandi Sanchez,920829010335,"9251 David Hill Apt. 879
South Joshuafurt, SD 99193"
Elizabeth Aguilar,811014040354,"Unit 8903 Box 9860
DPO AE 40779"
Matthew Newman,851029010789,"9515 Johnson Plains
Wilsonside, GU 20135"
Melissa Kelly,700710119204,"09563 Buchanan Village Apt. 579
Port Courtneyton, GU 27109"
Marissa Haynes,980514081674,"349 Shelton Ranch
New Katherineton, MD 34315"
Alexa Roberts,951012121926,"04212 Dunn Parkway Apt. 490
West Shannonport, OK 75283"
Michelle Johnson,860423049442,"6289 Gonzalez Corners
Hardinberg, NM 34045"
Brenda Ramirez,800520016717,"8022 Tyler Pine Apt. 539
West Arthur, DC 20994"
Erin Nguyen,970912062433,"8460 Kimberly Mall Apt. 049
East Jamesside, ND 57601"
Christina Buchanan,740930060334,"6154 Jessica Stream Suite 399
Traceybury, MA 26123"
Jessica Fields,770505018171,"35284 Amanda Underpass
Port Markberg, SD 28353"
Mary Harris,950820037851,"1774 Christopher Club Suite 126
New Darylview, TX 10397"
Lisa Hudson,780903121985,"7580 Brianna Road
North Johnfort, MH 67238"
Kelly Mcclure,509088990,"279 Jonathan Rapid
New Michael, LA 18784"
Dr. Jason Patton,920917025687,"31193 George Turnpike
Kellychester, VA 02965"
Larry Green,821126046269,"14209 Karen Vista
West Lauren, WY 32272"
Thomas Ramos,700327128027,"10627 Tina Vista
Stevensbury, NV 72815"
Charles Gomez,890403074007,"90289 Amber Cove
Lake Rachelburgh, LA 01954"
Daniel Blackwell,700316075515,"771 Oconnor Dam Apt. 768
Perezborough, TX 64649"
Michael Pugh,811222024478,"934 Mark Row Suite 796
South Douglasbury, VI 04585"
Mary Garcia,900731112136,"9587 Foster Burg
Alexandrabury, CA 89716"
Jordan Montoya,850504087308,"21108 Hernandez Mountain Suite 481
New Robertport, PR 90505"
Darren Wallace,990920045879,"9355 Hunt Club
Christinachester, FL 06302"
Jason Kennedy,791026060470,"728 Mcpherson Green
Kimberlystad, IN 26651"
William Jimenez,890828019414,"516 Thompson River
Lake Brian, KS 36613"
David French,851025018850,"797 Hughes Lake Apt. 162
Michaelburgh, NE 34911"
Dr. Adam Perez,861210086290,"1601 Evan Union Suite 868
Campbellborough, ID 02770"
Mary Jones,880830103545,"51595 Jeffrey Mills Apt. 995
Michellemouth, AS 55955"
William Fischer,941220048342,"5235 Steve Hill
Erinfort, IA 29362"
Ashley Morales,830619111411,"1751 Stewart Rapids Apt. 125
Phillipbury, ID 56570"
Jessica Garrett,950712034805,"490 Ortiz Street Suite 032
Gilbertchester, VI 19122"
Felicia Sutton,710613025437,"32192 Joel Flats
South Catherine, NH 25856"
Carlos Singleton,720217072830,"328 Morales Dam Suite 504
Pinedashire, CO 15676"
Jessica Stone,770305039530,"Unit 0818 Box 8046
DPO AP 11838"
Jonathan Davis,900103015650,"156 Werner Roads Apt. 018
East Lisa, OK 91996"
Marie Gonzalez,871215048583,"9971 Lauren Ridges
Lake Laura, MO 75075"
Kyle Houston,911121081476,"USNS Gordon
FPO AP 91870"
Ashlee Fox,810416016893,"7443 Judy Port Suite 007
South Jonathan, IL 22188"
Leah Montgomery,920311028467,"69375 Brittany Bypass Apt. 647
Archerborough, OK 48134"
Ryan Gay,970912045177,"086 Kiara Curve Suite 351
Jacquelinebury, IL 29883"
Cameron Olson,950826065153,"26723 Shirley Stravenue
Haleyburgh, IN 54340"
Dana Coleman,880801035562,"84204 Parsons Mill Apt. 596
Port Karenshire, NV 34185"
Laura Horton,851204038109,"025 Johnson Throughway
Chandlermouth, MD 13696"
Eric Robbins,930611019950,"700 Jennifer Course
South Andreaview, VI 50237"
Christopher Hansen,820322018212,"Unit 6557 Box 8340
DPO AA 40033"
Meagan Wiley,720113096370,"9717 Christina Alley
New Hannahview, NJ 58282"
Mary Barnes,760311030615,"526 Hector Dale Apt. 846
Rogersmouth, OK 82513"
Maria Ryan,930718101581,"710 Carlson Gardens
Ryanhaven, AR 86370"
Jennifer Rogers,780716080263,"757 Lindsey Burg
Beltranview, PA 24292"
Stephen Shelton,750329122979,"3121 Martin Squares Suite 310
West Markland, DE 30242"
Tiffany Munoz,810703023639,"084 Maria Trace Apt. 667
New William, WV 86963"
Sandra Vasquez,911103068708,"8511 Campbell Field
West Josephstad, DE 92358"
Sarah Sims,980327047266,"0295 Barbara Orchard
Mullinsmouth, ID 78448"
Phillip House,830202084172,"USS Beasley
FPO AA 15770"
Ashley Hodges,880413124851,"PSC 7927, Box 0905
APO AA 98065"
Christopher Perez,870222030139,"USNV Mays
FPO AE 72346"
Bethany Williams,860517066374,"2829 Annette Islands
Reedview, AR 16743"
Michael Hayes,780917016958,"705 Hector Ford Suite 101
Melindaville, TX 16798"
Joseph Brooks,810831024953,"5207 Gonzalez Plains Suite 525
Wrightbury, MP 08724"
Aaron Santiago,980522048662,"127 Elizabeth Place
Brandonfurt, RI 64955"
Beth Juarez,771101048145,"886 Harris Skyway Apt. 938
Destinymouth, OH 76376"
Donna Ayala,701019106187,"4047 Estrada Harbors Suite 307
Barnesbury, PA 32058"
Jennifer Franco,740101042037,"819 Nash Isle Apt. 434
Hoffmanchester, MO 89985"
Erin Obrien,1001015285,"303 Cody Center Apt. 583
Port Belinda, PR 10900"
Jose Roberts,861006042470,"0108 Erica View
Caldwelltown, MS 12531"
Ronald Brooks,950107068694,"Unit 1069 Box 7305
DPO AA 87441"
Casey Bailey,881212108112,"39001 Franklin Stravenue Apt. 693
Lake Georgehaven, MA 58834"
Lisa Bradley,940906088870,"81558 Jeffrey Ways Suite 210
Port Jason, NV 95911"
Brian Moore,860621070640,"07311 Waters Tunnel
West Jenniferton, OK 19057"
Joy Alvarez,930519059620,"562 Richardson Loop Suite 818
East Stephaniemouth, MH 94297"
Jason Mendoza,910929099711,"PSC 8448, Box 0816
APO AE 10299"
Stephanie Wilson,910419084088,"219 Lewis Crescent Apt. 134
Matthewshire, WI 90323"
Cheyenne Walker,971213109963,"4217 Glover Drive
Lake Danielle, MH 66241"
Tammy Woodard,870725070893,"3935 Graham Drive
Garzamouth, FL 34048"
Kim Jackson,880403111633,"675 Anthony Pike Apt. 949
Velezburgh, MP 63722"
Ricky Ward,960521014847,"Unit 7185 Box 0145
DPO AE 04390"
Caitlin Brown,850524054090,"30660 Jennifer Mission Suite 363
Aliciastad, NV 31778"
Julie Johnson,990712020147,"915 Chris Rapids Suite 311
South Diana, OK 50271"
Jason Parker,870815014368,"55879 Brian Neck Suite 905
South Loriberg, MA 76255"
Christina Watson,850331023579,"78537 Cortez Ridges
Frederickside, KS 72069"
Tara Cooper,990312024728,"825 Gloria Circle
Bowmanmouth, SC 26085"
David Dunn,841029110312,"13951 Kristin Springs
West Tiffany, PA 83297"
Stephanie Reed,701218013896,"04030 Mccormick Cliffs
Waltersshire, HI 32270"
Christopher Petersen,740815083338,"7787 Timothy Corner
West Stanley, FM 02165"
Bryan Graham,870507123268,"3937 Melissa Shoal
Fernandezchester, NM 65162"
Jennifer Hall,731201051747,"7117 Michael Overpass Apt. 321
New Adam, VA 84730"
Mr. Kenneth Ramirez III,910118016472,"21360 Floyd Flat Apt. 440
East Davidton, AK 38528"
Matthew Anderson,720919032056,"USS Garcia
FPO AP 75239"
Rachel Allen,730528095821,"2589 Tiffany Summit
North Michelle, DE 61540"
Denise Costa,701121121224,"8073 Gibson Curve Suite 380
Robertshire, NY 68883"
Tracie Martinez,810320035211,"4083 Erin Isle
Jenniferberg, VT 80574"
Sharon Ferguson,870706048845,"107 Angela River
North Seth, CO 27506"
Kathleen Davis,840519027971,"59856 Allen Stravenue
Jessicaview, OR 86200"
Alyssa Summers,971111023279,"202 Mendez Club Suite 534
Jenniferburgh, NJ 71799"
Kerri Proctor,710706052312,"94403 Timothy Cape Suite 055
New Charles, NV 64492"
Gabriel Jimenez,820103061779,"76252 Micheal Hill
Vincentberg, CA 60474"
Jennifer Hill,760320092853,"USNV Lopez
FPO AE 43685"
Joseph Morris,960901078272,"9719 Davis Overpass
North Susanmouth, MP 33170"
Larry Mcintyre,850407070333,"856 Elliott Parks
Chadstad, NM 15809"
Justin Estrada,840315090250,"315 Donald Shoals Suite 121
Tanyaville, NV 31915"
Maria Rodriguez,850617014908,"6208 Natalie Locks Suite 781
Jenniferbury, AS 62642"
David Mcdonald,960923077402,"5814 Dixon Fort
North Kristyhaven, IL 32553"
Tammie Weber,931108059240,"26208 Herrera Pines Suite 954
East Brenda, TX 66944"
Frank Lam,711123122017,"7014 Robert Square
Thomasport, PW 62050"
Cody Diaz,708090258,"90701 Morales Ridge Suite 179
Joystad, CA 91963"
Michael Dixon,810121040781,"61899 Lauren Bridge Apt. 047
South Paulstad, MP 20309"
Andrea Barron,911025106422,"342 Meredith Mills
Kathyberg, MA 38439"
Gary Harris,830415013949,"835 Abigail Flat
Port Katrina, CO 39866"
Tina Carr,901117094261,"PSC 8633, Box 8668
APO AA 78719"
Ashley Burke,780728065921,"7185 Tony Station
Lake Scott, VT 56914"
Michael Williams,720124069020,"PSC 7201, Box 7513
APO AP 64424"
Christine Decker,700412106280,"0843 Mitchell Pike Apt. 758
Tiffanyborough, AR 16232"
Tara Solomon,700115075695,"49023 Martinez Trail Apt. 119
Josephburgh, GA 76504"
Jacob Robinson,920616025950,"7592 Andrew Shoal Suite 509
Joelhaven, AK 05100"
John Marshall,760324118390,"39854 Andersen Lock Suite 295
South Abigail, PA 36633"
Crystal Huffman,830708061397,"76267 Taylor Forges Suite 036
Angelachester, CT 07161"
Timothy Johnson,710116030432,"495 Brown Courts
Johnsonbury, AL 33553"
Amy Drake,820530099501,"PSC 9490, Box 4365
APO AA 32996"
Jesse Gray,750116101959,"0145 Swanson Squares Suite 904
North Dawn, NM 84865"
Gary Klein,730305022633,"48637 Johnson Fields
Gordonfurt, MD 70831"
Brittany Gonzalez,740701068672,"2081 Brandi Mount
Katherineton, CT 07022"
Haley Garcia,720209069106,"0946 Latoya Ridges Suite 287
New Lindashire, MD 39975"
Kyle Palmer,990404081607,"6761 Wise Crescent Apt. 240
Delgadoburgh, DC 51706"
Carol Campbell,950607037246,"699 Teresa Land
South Anthonymouth, ND 89034"
John Banks,711124027250,"8433 Angela Route Suite 248
Caldwellborough, AZ 18280"
Adam Miller,930429103363,"332 Smith Green
Lindabury, KY 22755"
Shannon Herring,861223050014,"95420 Rodney Throughway
Jenniferview, DE 15673"
Jason Powell,740830079861,"709 Monroe Dale Suite 352
Phillipsstad, MS 57391"
Luis Garrison MD,980418021312,"83800 Ibarra Cliffs
Georgeport, KS 95662"
Scott Barry,840922060677,"7016 Wilson Gateway
Jasonmouth, NH 86316"
Daniel Dennis,750819085265,"66658 Martinez Harbors
East Phillip, TX 25037"
Heidi Turner,871124112780,"214 Bradley Camp
Lake Elizabeth, GU 39746"
Gary Williams,720220073787,"21303 Natalie Lodge
Dorischester, SD 21404"
James Reyes,900120024999,"6577 Oconnor Avenue
West Johntown, WI 05512"
Richard Martinez,760522096608,"94364 Rice River
Mejiafurt, FL 84343"
Hayden Neal,771217126548,"9426 Jeffrey Causeway Suite 763
East Shannonfurt, FL 66770"
Karen Barton,710323091530,"817 Matthew Shoal
Alyssachester, TN 51798"
Donald Collins,780102021348,"USCGC Dean
FPO AE 42305"
Dr. Kelly Freeman,870428095208,"840 Cynthia Harbor Apt. 880
Bonillastad, MA 16021"
Eddie Nguyen,830429102350,"USS Schmidt
FPO AP 16515"
Shane Pham,960401029549,"03875 Derek Spur Apt. 366
North Gregory, CT 77592"
Melissa Obrien,940219080912,"009 Michele Stream
Steventown, IA 76515"
Tracey Smith,910614022413,"27202 Kelly Shores Suite 489
East Nicoleton, ME 50347"
Brittany Parrish,820414127499,"1034 Duane Plaza Suite 649
West Brandyview, IN 51549"
Deborah Montgomery,711115061844,"221 Robertson Tunnel Apt. 316
Mcdonaldborough, GU 99092"
Jennifer Padilla,740708106750,"7709 Fernandez Hollow Suite 208
Patrickberg, IA 44749"
Melissa Miller,730408035566,"98668 Cook Cliffs Apt. 385
Madelinetown, AR 29766"
Scott Webb,911203017775,"3217 Rose Island Apt. 454
New Christopherchester, IN 35469"
Eric Miller,218122861,"68657 Madison Field Apt. 576
North Josephtown, GA 16063"
Angela Mathis,901020074970,"230 Munoz Field Apt. 671
West Tammy, RI 60100"
Mary Moore,961116115549,"87781 David Mount
Lauraberg, AK 49054"
Charles Greene,780911111737,"70075 Michaela Islands Suite 544
South Robertfurt, MO 56100"
Erica Jones,860728050479,"7956 Johnson Shore
East Aaronside, CT 19126"
Christina Bean,960904107760,"1687 Duncan Drive
West Andrew, IN 04147"
Emma Donaldson,800320014907,"84848 Elaine Village
Potterville, AS 78907"
Melissa Robles,980204103314,"2103 Jones Underpass Apt. 852
Andersonport, TX 92069"
Pamela Freeman,881110023416,"240 Mark Viaduct Apt. 638
Rachelton, AR 94869"
Timothy Sanchez,890123039802,"USNS Joseph
FPO AA 93824"
Patricia Chambers,950323049984,"609 Taylor Run Suite 831
Ashleymouth, NV 32295"
Dominic Allen,880622121627,"68770 Diane Curve Apt. 735
Port Crystalview, FL 10955"
Shannon Williams,770627103252,"0333 Hammond Club Apt. 496
Angelatown, NJ 31862"
Justin Coleman,821024106035,"2905 Garza Shore Suite 149
New Kaitlin, SD 73736"
Danny Robertson,901009081499,"USCGC Nguyen
FPO AE 52854"
Ronald Frazier,931029049932,"587 Hailey Trail
Robertmouth, ND 12490"
Jennifer Lewis,711016050308,"18029 Keith Circles Suite 811
Figueroaburgh, AL 97776"
Molly Rodriguez,880422034451,"5973 Michael Radial Apt. 795
South Thomasbury, CA 69484"
Tracy Wolfe,770424045382,"278 Jimenez Manors Apt. 340
Claireton, NM 33644"
Desiree Hunter,830720064257,"832 Erin Islands
West Alexanderchester, ME 24340"
Veronica Mann,950221088399,"25167 James Corner Suite 710
East Veronica, CT 31178"
John Burns,730810010098,"6959 Curtis Islands
Loristad, MT 22313"
Douglas Grimes,840222013301,"Unit 7558 Box 6337
DPO AE 65684"
Nancy Odonnell,931003117824,"PSC 5838, Box 0982
APO AE 09296"
Hannah Chambers,951023087914,"Unit 2762 Box 2392
DPO AE 01383"
Cody Brown,740416076936,"82181 Mckenzie Tunnel
New Meganmouth, TX 35809"
Jonathan Parker,990610098341,"199 Ryan Key Apt. 816
Patrickshire, MI 40943"
Virginia Clark,941011095742,"30631 Trevino Radial
Wilcoxburgh, FL 86421"
Randy Sparks,711222128638,"6560 Kathy Brooks Apt. 361
Rebeccashire, MI 64967"
Rhonda Rodriguez,800726109372,"87793 Clark Burg Suite 453
South Johnton, FM 45265"
Mr. Clarence Brown,780919095212,"8497 Julie Trail Suite 909
New Brentstad, KY 50021"
Mr. William Diaz,941227091501,"80817 Molly Trail
North Debra, MD 10328"
Ryan Smith,910530100294,"USS Martin
FPO AA 28510"
Jessica Osborne,771116121528,"59276 Sharon Isle
Kimberlyberg, NH 86131"
Samantha Thompson,771211072837,"33469 Thomas Shoals
Russellfort, CT 73091"
Aaron Silva,780227119516,"07710 Thomas Spurs Apt. 968
Suttonview, MS 46363"
Paul Tanner,751101016400,"Unit 5175 Box 3438
DPO AE 36473"
Stacy Gonzalez,820915019876,"2549 Love Route
Wilsonborough, OK 55775"
Mary Nichols,941225065213,"368 Serrano Skyway
Bentleyhaven, VT 53315"
Jennifer Perry,730528087843,"9798 Davis Ports Apt. 729
Racheltown, GU 49599"
Michelle Murray,840727100067,"946 Mindy Freeway
East Ryan, TX 28295"
Juan Robinson,830326033017,"85019 Montes Camp
Matthewland, RI 49388"
Eric Allen,800516041346,"44757 Kimberly Streets Apt. 864
Lake Lydia, AZ 33887"
Kelly Jones,991119118246,"128 Miller Isle
Mindyland, TX 27692"
Collin Jones,721231073602,"07530 Charles Mall
Paynestad, AK 80858"
Elizabeth Gonzales,941212043797,"485 Margaret Circle
South Robertmouth, GA 64168"
David Alvarez,760609052235,"36805 Marquez Burgs
Brianborough, PA 77349"
Charles Peters,820921069485,"82312 Michael Stravenue
North Dianeborough, DE 91848"
Kelly Mayo,871028061940,"679 Melinda Union Apt. 102
Lake Laurenmouth, IL 26761"
Brian Simmons,1203041367,"228 Eric Tunnel
East Todd, ME 67987"
Beth Lopez,720729074121,"PSC 5411, Box 6088
APO AE 20054"
Gabrielle Mitchell,781129090647,"66699 John Square Suite 716
Traciport, IL 59984"
Kurt Smith,931125094572,"0935 Tiffany Prairie Apt. 254
West Bryce, AK 68404"
Amanda Small,860124122527,"339 Jesus Parkways Suite 570
North Sharonmouth, NM 38159"
Shelby Singh,831129056759,"33283 Carolyn Drive
South Robert, AZ 37849"
Thomas Calderon,890619066672,"79456 Mary Junction
Port Dawnton, FM 96985"
Joyce Gonzalez,720614101335,"960 Dawn Ville Apt. 039
East Lisa, OK 84435"
Steven Davis,811108088424,"07336 Cooley Summit
South Hannah, DE 83776"
Willie Chan,701111061988,"Unit 8900 Box 1504
DPO AE 40227"
John Morrison,820708079572,"1297 Young Burgs
East Daniel, NV 57054"
Elizabeth Gomez,870126072571,"223 Rachel Spring
North Nicholas, OK 61937"
Brian Guzman,910401021824,"2410 Hartman Motorway Apt. 297
West Jeannehaven, MH 01729"
Edward Chen,921209044980,"8109 Kevin Fork
Port Nathaniel, NM 56614"
Nicholas Beck,860621036450,"045 Weaver Pines
Williamfurt, TX 54927"
Karen Jarvis,801221121293,"55678 Arellano Plains Apt. 770
Brookstown, NH 17442"
Joel Holmes,850528120921,"707 Jesse Islands
Jenningsview, CA 26668"
Michelle Maynard,860819091380,"7541 Foster Freeway Apt. 633
Jacksontown, MP 04448"
Matthew Miller,830326112309,"26208 Rebecca Way Suite 868
Lake Kimville, PA 41748"
Diane Powell,910723088006,"Unit 1929 Box 8726
DPO AA 38766"
Scott Mcbride,810913086033,"0463 Jasmine Road
Walterstown, UT 08110"
Robert Day,710520128610,"USNS Murphy
FPO AA 41498"
James Campos,781031050319,"2501 Scott Mountains Apt. 070
Port Tricia, WV 07582"
Edward Little,700524043183,"089 Brian Tunnel Apt. 289
Port Josephmouth, NM 99076"
James Jones,760906058455,"6377 Fernandez Burgs Suite 299
Lake John, MD 47756"
Meghan Galloway,991129013047,"077 Marquez Estates Apt. 619
Garcialand, NY 15910"
Deborah King,990923042141,"829 Brandy Light
Port Robert, WV 69850"
Jason Williams,760407021835,"006 Wu Isle
North Nichole, DE 23889"
Mark Cook,810905083976,"980 Wilson Mountain Suite 558
East Jeffrey, OH 72684"
Scott Lewis,940618054922,"43032 Adam Plaza Suite 679
New David, CO 68420"
Jennifer Jones,880902057916,"8398 Chan Ramp Suite 299
Jacksonview, OR 46166"
Tammy Riddle,970222117181,"7366 Erik Port Apt. 364
North Davidmouth, NV 38224"
Robert Garcia,920326097695,"4883 Morris Row
Silvahaven, LA 57308"
Heather Elliott,890329110612,"78776 Katie Mountains
Courtneyhaven, WI 93731"
Anthony Kelly,990508017729,"0781 Morris Highway
Lake Michael, SD 68937"
Jeremy Johnson,840828032789,"85510 Courtney Terrace Suite 000
New Michele, MN 45563"
Crystal Vang,840225018936,"347 Riley Vista
Calderonshire, AS 20025"
Kyle Olson,810805105638,"92097 Thomas Meadows
North Adam, MN 28650"
Sean Simmons,920729091237,"491 Watkins Crossroad
Lisahaven, SD 16320"
Kristi Rivera,960708081206,"2031 Arnold Lane Apt. 082
Chadshire, AR 13865"
Stephanie Brown,860503059367,"9646 Eaton Locks
Clarkstad, AR 42200"
William Grant,920113075522,"29551 Smith Mountains Apt. 886
Jensenstad, OK 62006"
Tyler Robinson,131083969,"3189 Leslie Fork Apt. 548
West Debbiebury, SD 47767"
Jeffery Simpson,924012350,"929 David Glen Suite 385
Thomasfort, PA 63078"
Christopher King,901112065183,"75046 Krueger Stravenue Suite 743
Bakerfort, OH 85859"
April Smith,770602098008,"072 Anna Circles
South Amyview, WY 63788"
Janet Bailey,751125100208,"2500 Ferguson Walk Suite 072
Scottburgh, CO 86994"
James Jones DDS,850908093082,"62719 Eric Street
New Markside, TX 88712"
Jennifer Singleton,900320063605,"787 Tyler Junction
North Rodney, AS 25891"
Sara Coleman,930418041519,"USNV Barnes
FPO AP 32089"
Laurie Duncan,701018057672,"58098 Terrence Corners
New Eddie, UT 67860"
Joe Mcclain,700503058330,"4758 Stephens Plaza
Lake Brian, OH 52838"
Melissa Atkinson,700115031835,"20959 Monica Forks
Audreyland, OK 21035"
Carl Quinn,981110114991,"26247 Torres Gateway Apt. 399
Lake Jamesberg, TN 19369"
Diana Rice,820902046051,"8884 Richard Inlet Suite 494
Potterton, RI 57448"
Kelly Garner,860705033445,"2201 Lara Street Apt. 331
North Jessica, NC 80684"
Samantha Deleon,730513078837,"59953 Jennifer Divide
Michaelton, NE 51041"
Annette Tran,428116473,"97163 Brown Locks Apt. 394
North Charles, OH 22602"
Stephanie Horton,850108079347,"75292 Marquez Spring Suite 407
Jeffreyton, WA 62264"
Anthony Lopez,960708011819,"23844 Nicholas Court Suite 855
South Jeffreyview, OK 80682"
Karla Ellis,720121117039,"4734 Potter Green Apt. 188
North Jeffreyhaven, ME 91648"
Vanessa Hoffman,908127943,"35281 Cole Villages Apt. 883
East Danielberg, ME 53713"
Katherine Martinez,800421124031,"69521 Julie Station
West Christinafort, OR 37560"
Charles Carr,920324113379,"PSC 4100, Box 8816
APO AE 88204"
Regina Holloway,991226125992,"491 Terry Mount Apt. 044
New Samanthaburgh, KS 45831"
Cristian Miller,750916035009,"76330 Julie Shoal
Zimmermanside, AK 39401"
Kayla Edwards,840826113828,"PSC 5461, Box 2640
APO AA 51876"
Megan Williams,711109117778,"951 Gonzalez Route Apt. 511
South Robertton, RI 89512"
Theresa Bean,990308080362,"76222 Robert Motorway Suite 758
North Wanda, NH 89627"
Julie Washington,720129122755,"9954 Aaron Drives Suite 271
East Michaelstad, WA 56530"
Lisa Martinez,990614062996,"2980 Jenna Estates Apt. 767
Englishport, MI 71420"
Shawn Wilson,840830032363,"10289 Courtney Well Apt. 987
South Amberview, MH 83567"
Michelle Mcdonald,800104026324,"6873 Christine Harbor Suite 637
West Eric, IN 07523"
Susan Esparza,710226089556,"904 Holloway Hill
Davisstad, GA 28843"
Brandy Rice,781221096643,"89827 Edward Cliffs Apt. 956
North Thomas, OK 04159"
Daniel Ruiz,931002120694,"Unit 9288 Box 6724
DPO AP 80714"
Christian Bentley,800116111211,"92088 Patterson Path Apt. 627
South Bryan, SD 71358"
Steven Mason,780907084624,"963 Hinton Meadows
Higginsshire, FM 82241"
Antonio Lara,940601028155,"305 Jensen Mill
Boltonshire, AZ 69338"
Melissa Washington,850905109797,"00217 Simmons Streets
Lake Patrickside, MO 30839"
Lisa Crane,720901083414,"046 Martin Mall
South Gregory, KY 53853"
Carla Williams,941017083974,"6440 James Corners
West Josephmouth, VT 70915"
James Fox,790128068016,"45475 Lynch Tunnel Suite 269
Lake Gabriella, WY 34741"
George Wood,740402072316,"35127 Erin Pine Suite 459
West Kevinborough, GA 42338"
Anthony Lane,840917120950,"24064 Sierra Burgs
East Andrew, NV 26332"
William Montes,790401108595,"97109 Mary Haven
North Robertton, PW 41645"
Katelyn Simpson,730502090384,"58160 Gerald Alley
New Jonathan, MI 86915"
Michael Bond,701028053850,"1369 Clark Well
Lake James, PA 33778"
Marcus Fry,831222065082,"290 Rose Coves
Thomasfort, IL 99659"
Jacob Huerta,810729113704,"6734 Erik Forks Apt. 501
Johnsonland, OK 26154"
Christina Arellano,700617069086,"4628 Paul Isle Apt. 013
Paulfort, MN 04909"
Donald Cooke,218010206,"826 Davis Drives Apt. 899
Billyside, ME 01194"
Cynthia Gould,941209120427,"174 Darrell Fords Apt. 595
Fordburgh, TX 89541"
Micheal Cooper,940806039430,"2553 Christopher Glen Suite 481
Davisfurt, UT 89879"
Patricia Williams,860216045810,"77398 David Estate
Port Grantton, UT 69776"
Robert Adams,770209033913,"557 Branch Bypass
Williamsborough, IL 60745"
George Smith,930210121012,"30675 Thompson Garden
Staceystad, MN 14910"
Barbara Harrison,740401129609,"USS Miller
FPO AP 25403"
Rita Davidson,971028023710,"94446 Morgan Spurs Suite 302
Port Daniel, FM 22944"
Elizabeth Taylor,820104124705,"54641 Heather Ports Suite 305
Anthonyburgh, UT 63432"
Wanda Lopez,790123073512,"65692 Jerome Trace
South Williambury, TN 74016"
Michael Sanders,840913124990,"591 Lindsey Bypass Suite 026
Mackenzieside, MP 25517"
Katrina Zimmerman,880328111800,"0039 Grant Row Apt. 173
West Adrian, UT 11441"
Catherine Douglas,930423074582,"773 Lisa Overpass Apt. 259
Andersonborough, AR 82678"
Jonathan Tyler,830531086776,"PSC 9126, Box 0376
APO AE 42558"
Kimberly Raymond,901231044429,"6286 Antonio Place
North David, NV 43463"
Kristi Young,890617082807,"746 Jamie Ridge
South Heatherfort, AR 60706"
Anna Williams,761010114634,"753 Martinez Avenue Suite 769
Larafort, TX 21296"
Nancy Diaz,770723126560,"Unit 8450 Box 3881
DPO AP 20000"
Amy Diaz,701225049576,"2923 Solis Station
Port Joshuatown, MA 33175"
Denise Lloyd,970311127697,"471 Chapman Crossing
Port Lisaton, WY 78475"
Charles Hoover,800416090931,"78770 Madison Roads
Lisaburgh, MN 91792"
Mary Griffin,901126032990,"9372 Shaw Garden
West Joshuabury, SD 14215"
Laura Hughes,831227118384,"2554 Cheryl Spurs
New Leeview, MP 07914"
Derek Evans,730119080248,"085 Megan Trail Suite 048
Marquezport, MH 40350"
Karen Hines,740411071011,"84709 Tamara Stream
Princeborough, CT 77985"
Michelle Bailey,740809029567,"436 Theresa Motorway
West Josephville, FM 78826"
Jacob Mckee,840715016959,"280 Bradley Port Suite 286
New Juliemouth, WY 82491"
Paul Acosta,840728034520,"8876 David Ridges
Parkermouth, KS 49540"
Mallory Ellis,840503122135,"81048 Marcus Cove
Port Matthewburgh, TX 12766"
Randy Freeman,830304037426,"212 Julie Field
Comptonstad, OH 88092"
Michael Holloway,820109047126,"3616 Copeland Lights Suite 859
Hernandezmouth, GA 31790"
Steven Johnson,950912124576,"61474 Waters Drive Apt. 530
Andrewburgh, ME 54315"
Bethany Bell,910501085922,"1306 James Rest
North Craig, AK 09485"
Mr. Jesse Collins,771006036111,"2651 Lori Unions
Gregorymouth, CA 28745"
Taylor Glenn,780409085798,"5737 Jennifer Crossing Apt. 453
Whiteview, UT 08031"
Kevin Novak,751009054912,"7196 Wells Stravenue
Bentonberg, MT 68861"
Jennifer Williams,800520098872,"5802 Jeff Pass
New Charles, OK 16986"
Amanda Farmer,780729059816,"USCGC Reid
FPO AP 20040"
Benjamin Barnes,861016087015,"Unit 5973 Box 8817
DPO AE 17569"
Michelle Diaz,990324031265,"80868 Jesse Burgs Suite 751
Juliastad, NE 32590"
Deborah Smith,909022864,"29649 Stephen Mission Suite 109
Stewartborough, FM 13688"
Stephen Gonzales,841112081481,"7451 Robert Crescent Apt. 760
North Amanda, WV 49113"
Kelly Carroll,910406100884,"12407 Smith Knoll
New Kathryn, VA 41085"
Joshua Gilmore,950805112059,"412 Paula Estate
Mezaton, DC 42266"
Chelsea Cannon,780207043121,"USCGC Carlson
FPO AA 05940"
Victoria Jensen,870127101968,"137 Brock Points Suite 051
Jessefort, OK 57113"
Chase Martinez,960624036351,"260 Stephanie Avenue Apt. 038
Lake Latoyamouth, RI 82197"
Dr. Monica Walters,890715015883,"096 Amy Rapid
Port Aaronshire, KS 10087"
Charles Brown,900816126539,"756 Tate Overpass Suite 638
Cartermouth, MI 13594"
Catherine Bates,731214024649,"PSC 6507, Box 3532
APO AE 13050"
Jasmine Stevenson,730723034007,"Unit 7775 Box 9456
DPO AA 40118"
Theresa Warren,891102089416,"255 Zachary Coves Suite 154
Rayberg, OR 23412"
Chase White,700617064666,"1278 Alec Extensions
West Katherineburgh, IL 26682"
Jeffrey Cox,830120042425,"7042 Martinez Parkway
Lake Robertland, VT 94097"
Tracy Hart,750505042703,"USNS Brown
FPO AE 75582"
Victoria Shaw,871127028881,"81793 Reyes Crossroad Apt. 826
Spencerville, OH 68253"
Megan Johnson,980129120565,"299 Sean Views Apt. 521
Juliaport, WI 54389"
Fernando Wright,881002069892,"4173 Logan Hollow
Lake Matthew, WV 78457"
Kathleen Ho,950622065174,"4362 Bolton Wells
East Angela, IN 43606"
Leah Martinez,950405091845,"86593 Heather Drive Suite 943
West Brian, LA 57837"
Kelsey Ramirez,960303017314,"007 Benson Fall Apt. 663
Garciaport, TX 07869"
James Hudson,720425094226,"027 Dean Locks
Rickberg, FL 13194"
Julia Owen,760623115564,"8852 Ford Radial Apt. 856
Lake Joshuaton, PA 45456"
Dale Campbell,810204028084,"36599 Myers Ports Suite 342
North Mariaside, MO 50595"
William Lawson,720312121534,"214 Patterson Groves
Patrickville, NH 77248"
Timothy Tanner,801129073108,"6115 Rebekah Village
North John, SC 11416"
Matthew Russo,930119088616,"72613 Bradford Rue
North Maryton, AR 46241"
Shawn Vaughan,700928011045,"89399 Anna Locks Suite 963
Sanchezside, KY 26100"
Dr. Walter Franklin,810619017205,"5455 Parker Junction Apt. 481
Johnsonville, ID 39846"
Alex Watson,770331113686,"662 Jade Flats
Lake Evelyn, PW 91520"
Kristin Jackson,730129023419,"815 Turner Mountains Suite 430
Morrisfurt, MO 13133"
Toni Mclaughlin,517115399,"7460 Hernandez Club
Holtside, PA 10903"
Nathan Green,810427079923,"08417 Stephanie Stream
North Adam, NM 83671"
Christopher Bonilla,810220087896,"6330 Priscilla Estates
Castroberg, MT 58920"
Brian Ramos,881126035518,"9797 Joyce Center Suite 083
Davisland, AL 22103"
Lindsey Garcia,850501071634,"41505 Blevins Drives Suite 638
Barronfurt, MP 02186"
Christopher Christian,830724129219,"00530 Andrew Drive Suite 849
South Heatherport, MN 57771"
Steven Fowler,780723078205,"5322 Haley Burgs Apt. 872
Lake Michael, PW 40535"
Jennifer Caldwell,810216034904,"91157 Lyons Union Apt. 656
Lake Cindy, MP 84698"
Nancy Wilson,881218033105,"1758 Olson Rapid
East Meredithshire, HI 41141"
Denise Owens,950501023618,"698 Randall Dam
East Christopher, CT 94541"
James Benson,721016014647,"40699 Marsh Stravenue Apt. 754
North Stephenstad, FL 69411"
Bryan Cline,980616089574,"335 Debra Club Apt. 100
Kristineville, WI 64980"
Kristy Pratt,931115044094,"568 Moore Ville Suite 387
West Dana, DC 70187"
Sheila Smith,821021053200,"644 Garcia Tunnel Apt. 341
Royport, MT 79467"
Sandra Romero,890723011424,"896 Garcia Plaza
Belindafurt, ME 18646"
Lisa Parker,740617127378,"018 Mcmillan Summit Suite 764
Rachelchester, ME 03739"
Tony Gray,860528107041,"05685 Bowman Prairie
Chaneymouth, KY 09465"
Melissa Medina,800607056775,"USNS Townsend
FPO AE 49398"
Katie Tucker,881220087814,"02631 David Shores Apt. 960
Edwardsside, MS 36938"
Adam Anthony,880330026328,"56529 Steven Course Apt. 073
Deckerburgh, MP 58657"
Aaron Walker,890811024492,"789 Barnes Burg
Spencerhaven, KS 32833"
Kelly Hayes,910417038761,"08024 Scott Spurs Suite 067
Richardport, NV 66183"
Ryan Miller,914120552,"867 Hughes Forges
Stewartmouth, CA 09374"
Daniel Jordan,910515056735,"7777 Brian Forest
North Ryan, MP 04618"
Anthony Wood,730514065104,"34129 Henry Valleys
Brucefort, DE 11411"
Angela Fox,721203116366,"1547 Justin Fall Apt. 395
Jessicaland, ME 79310"
Rhonda Mason,841112050767,"082 Barnes Inlet
East Garyfurt, PW 00527"
Edward Curry,860618129406,"486 Rodgers Isle Suite 994
North Kendra, WI 79307"
Matthew Anderson,940514014027,"0160 Rice Prairie Suite 685
North Elizabeth, SD 76986"
Jennifer Green,820316067735,"199 Paul Shoals Suite 261
South Lori, MD 96910"
Tammy Nunez,201120762,"0926 William River
Mejiaborough, CA 66988"
Tiffany Robinson,314121891,"32044 Maldonado Lights Suite 386
Heidiborough, NM 40881"
Autumn Richardson,750802031117,"587 Terri Ramp Apt. 242
Westmouth, ID 13580"
Patrick Brown,990125035095,"7859 Henderson Stravenue Apt. 496
Paulahaven, CA 73472"
Steven Hoffman,911027084924,"22396 Thomas Road Apt. 473
Millermouth, SC 80335"
Vincent James,960426037460,"1468 Kayla Tunnel
East Keithburgh, WI 15133"
Robert Ochoa,910628043473,"56704 Hernandez Forest
West Kellie, WY 77600"
Alejandro Garcia,940503040686,"1565 Lisa Village
New Matthew, CO 54550"
Steven Taylor,900107093943,"3060 Thomas Route
North Marcustown, AS 79897"
Logan Delgado,930119037594,"58292 Tonya Inlet Suite 803
West Matthew, VT 80091"
Destiny Ramirez,970306063038,"55625 Edwards Fords
South Johnside, NV 90501"
Renee Gonzales,701115042,"25383 Nicole Knoll
Port Rubenfort, CA 78577"
Anne Mueller,740409101832,"652 Jocelyn Via
Martinville, MS 19059"
Morgan Alvarado,951111045043,"91627 Ronald Wall
Kennethland, NM 52495"
Natasha Harris,860922079007,"92529 Karen Trail Suite 025
Loganport, HI 64173"
Cynthia Briggs,910423030708,"01834 Kim Forges Apt. 579
Andersonbury, VA 60421"
Ann Rowe,800308056978,"684 Williams Mountains
Garciaberg, ME 83425"
Timothy Perkins,920605048953,"257 Bridges Mills Suite 230
Butlermouth, ME 29934"
Jennifer Williamson,1102091009,"3226 Jennifer Circles
Davidbury, AK 70061"
Jeff Atkins,810308033788,"7432 Andrea Plains
Bondshire, MD 46981"
Alex Freeman,780107072002,"74212 Richard Stream Suite 948
Jameschester, GA 85381"
Sandra Frank,980724023260,"Unit 4302 Box 1372
DPO AA 17524"
Rebecca Smith,820914049910,"536 Mills Corners
West Andrea, OR 16601"
Laura Davis,790902121049,"725 Price Shoals Suite 482
Eugeneton, IN 72396"
Kelly Casey,790131019991,"865 Hammond Inlet
Michelleport, SC 77330"
Angela Hodge,791012069910,"86277 Alicia Court Apt. 526
North Sharifort, AR 34132"
Shannon Thomas,720125078932,"8649 Bowman Loaf Apt. 334
North Andrea, NY 45894"
Brittany Thompson,810310046558,"2205 Daniel Loaf Apt. 732
Hobbsfort, IN 20736"
Heidi Griffin,871002057973,"6114 Daniel Street Apt. 417
East Charles, NY 42163"
Heather Harper,751118060691,"80158 Larry Causeway
Port Josephshire, NY 35798"
Nathaniel Griffin,770816093988,"78247 Erica Lodge Suite 749
Port Jeanmouth, OR 38404"
Michael Mckinney,950819056728,"415 Nash Wall
West Michael, NH 25293"
Vincent Stewart,911007062854,"22513 Sanchez Drive
Rachaelberg, PR 64499"
Andrea Moore,810828040306,"90630 Brian Stravenue
Kellystad, MS 30488"
Andrew Brown,901230011299,"2240 Duane Trail Suite 603
Lake Nicholas, NV 18988"
Devin Edwards,881011037334,"9925 Sophia Glens Apt. 241
Lopezview, OR 08795"
Brittany Jones,910220083904,"3380 Barron Row
Port Katherine, NJ 03322"
Jack Hansen,930802103231,"04795 Dustin Trail
North Gailview, PW 90647"
Janice Gardner,900605045273,"532 Carl Route Apt. 183
Scottberg, PR 43665"
Brandon Young,861004018769,"9868 Mercado Row Apt. 314
Fischermouth, NM 28715"
Richard Oneal,960703104950,"386 Sandra Parkways
Johnshire, NE 40062"
Bradley Palmer,880811115881,"9883 Savage Village Apt. 018
New Sarah, PW 27086"
Natasha Watkins,770905038819,"0940 Ochoa Summit Apt. 959
East Michelle, SD 93439"
Jeffrey Becker,950316075377,"069 Michael Mall
Meyersville, ND 88353"
Kristi King,950131031464,"53815 Daniel Meadow Apt. 041
Hayleyport, PA 39083"
Paul Barrett,920325097234,"655 Horton Fork
South Andrewmouth, MD 30198"
Daisy Diaz,990909032059,"Unit 6299 Box 5375
DPO AP 84750"
Victor Park,920224118266,"557 Joanna Motorway Suite 573
East Crystal, KS 31595"
Troy Joyce,930113022117,"USCGC Ortiz
FPO AA 19808"
Amanda Oneal,900402023448,"613 Obrien Squares
Flynnview, NM 33650"
Raymond Thomas,811209019532,"437 Cantu Tunnel Suite 754
South Yvonneport, AL 47215"
Stacy Anderson,900625039257,"8170 Dennis Estate
Sandersburgh, RI 20244"
Joshua Williams,811202034655,"USNS Foster
FPO AE 40896"
Sean Osborn,324076342,"162 Karl Key
Johntown, MT 05220"
Cynthia Mitchell,771213048164,"5788 Peterson Common Suite 171
Robertsland, MH 00896"
Mary Collier,741026048296,"57201 Morgan Causeway Suite 784
East Ashleytown, AS 60118"
Scott Chandler,950707071463,"299 Jacobs Green Apt. 575
Parkerhaven, OH 51453"
Jennifer Wilson,850120062701,"Unit 1516 Box 7870
DPO AA 17660"
Crystal Williams,871208109659,"3341 Bailey Walks Suite 557
Juliamouth, MT 95704"
Denise Lee,951026097544,"432 Ashley Plaza
South Lindseyborough, DE 81323"
Kristen Hurst,790921099854,"458 Lindsey Village Apt. 800
South Todd, MA 65549"
Tammy Vasquez,750715045877,"8148 Whitney Highway
Lake Erica, NY 63384"
Valerie Allen,980529012692,"472 Bradley Brooks
Andrewport, NJ 45596"
Christopher Griffin,910201069782,"0344 Henry Neck
East Joseph, CT 73928"
Bryan Gutierrez,790226062317,"943 Meyer Spur
Sophiaport, CT 47982"
Leah Carroll,920531011300,"72840 Carter Mountain Suite 217
North Kelliefurt, WA 23429"
April Castaneda,971104076699,"571 Larry Vista Apt. 043
New Christianland, MH 89064"
Kayla Young,830810086190,"798 Lewis River Apt. 958
North Kimberlyberg, KS 64744"
Leonard Lynch,720918065828,"216 Nelson Mission
West Sean, SC 24856"
Justin Holt,880227034255,"66338 Melissa Via
Port Jennifer, NY 99771"
Melanie Carter,850216127197,"35833 Young Ranch Suite 004
Lake Ashley, OK 40310"
Ashlee Tyler,900110015223,"PSC 8718, Box 4050
APO AP 61653"
James Welch,820217062769,"307 Peterson Forest
Port Devinmouth, ID 96335"
Sarah Little,980912034135,"PSC 7360, Box 9698
APO AP 10746"
Christopher Dyer,831128064000,"USS Love
FPO AA 73076"
Omar Vega,830813084432,"USCGC Gay
FPO AA 85664"
Luis Franco,830720047800,"329 Harry Mountains
Ortegaview, FM 96103"
Thomas Gomez,910514069159,"46717 Dana Pines
Matthewstad, MD 66446"
Vickie Guzman,911117102179,"07241 Tammie Stream Suite 093
New Clarencehaven, OH 55378"
Steven Rose,890527027489,"1467 Jeffrey Parkways Suite 489
Ruthfurt, FL 33912"
Lee Blake,801112021042,"2097 Johnny Walk Apt. 364
North Biancatown, AZ 55848"
Carrie Hays,910623019184,"195 Katherine Expressway Suite 624
Port Tammy, AR 75210"
Richard Romero,860118029863,"475 Caldwell Ville
Medinaside, AS 88834"
Robert Hayes,980220125507,"7061 Davis Station
Gomezport, CT 46052"
Jeffrey Bentley,711025046170,"156 Webster Wall Suite 540
Travismouth, VT 88619"
Noah Ball,930922072293,"1048 Kimberly Mill Apt. 558
Jenkinsberg, FL 67628"
Laura Hunter,810228080783,"032 Olivia Radial
Sarahmouth, DE 08842"
Daniel Jones,730709062413,"85959 Thompson Neck Suite 969
Francisville, UT 29987"
Logan Lambert,841128046421,"1698 Robin Glen Apt. 963
Angelaburgh, LA 22094"
Breanna Hamilton,800111070921,"11127 Thompson Expressway Suite 883
Port Heather, PA 50561"
Jasmine Brewer,880401014974,"713 George View
South Adamtown, HI 65466"
Ashley Mullen,960204056240,"621 Fletcher Alley Apt. 908
Lake Ericabury, MO 76459"
Robert Stevenson,880625096168,"6464 Vance Viaduct
South Jamesburgh, NJ 65868"
Christine Hubbard,790128115189,"7750 Steven Drive
Lake David, AS 10102"
William Neal,770613073602,"0610 Daniel Isle
Lake Joseph, VI 72255"
Laura Ingram,780311021580,"75330 Farrell Pines
East Diana, SD 79455"
Jesse Cantrell,961126032200,"13588 Olivia Vista
Colemouth, PW 75287"
Joseph Brown,618080416,"8300 Thomas Viaduct
Grahamstad, FL 78711"
Teresa Zhang,701124033477,"95121 Michael Plains
Rebeccatown, MO 89838"
Dale Bowers,960317081803,"68038 John Trail
Kyleview, WA 74091"
John Smith,800826050763,"57387 Stevens Prairie Suite 267
New Ann, WI 89199"
Jamie Whitaker,980331088890,"82345 Emily Gardens Suite 936
North Taylor, WY 14865"
Alex Moore,750715019260,"27293 Butler Neck
West Bradley, NJ 93840"
Michael Gutierrez,950922087575,"330 Juan Coves
Suzanneberg, CO 21083"
Lindsay Mora,951009073062,"3340 Robbins River
North Danaburgh, OH 19522"
Matthew House,880804082745,"082 Adam Junctions Apt. 556
Carolshire, WI 54411"
Sean Smith,860521092877,"20139 Natalie Estate Suite 511
Johnburgh, VT 70540"
Jesse Stevens,780430076842,"452 Tonya Prairie Suite 135
Port Jennifer, DC 97608"
Elizabeth Carter,730525039790,"31561 Beard Springs Apt. 197
Port Mary, MH 17780"
David Chen,950106088644,"2471 Jacobs Mission
Tylertown, KS 61274"
Andrew Sanchez,720826015400,"92135 Gonzales Mission Apt. 259
East Cherylchester, MS 59003"
Bryan Chavez,810513069284,"851 Zachary Drive
North Jessicaville, IA 93129"
Judy Townsend,971024081929,"8584 Graves Springs
Lake Leslieport, OK 60956"
Rachel Dyer,711229011482,"Unit 3275 Box 2849
DPO AP 89579"
Diana Martinez,821018038780,"44863 Brenda Port
Drewville, MO 82285"
Tiffany Bailey,820509072510,"327 David Walk
Johnsonshire, VI 41511"
Casey Thompson,871210128262,"90910 Cristian Roads Apt. 319
Walkerton, MS 25901"
Randy Molina,890813127899,"499 Thomas Square
Ryanside, NM 63078"
Jeffrey Erickson,730821020580,"76902 Sheila Vista Suite 547
South Angelaland, NM 45136"
Kathleen Hall,860214015069,"PSC 8866, Box 3973
APO AP 75759"
Heidi Rogers,790113090006,"745 Samuel Parks Apt. 075
Francoview, PW 75788"
Stephanie Knight,740206127015,"931 Heather Hills Apt. 317
South Lynnport, MT 68278"
Cindy Griffin,960831025882,"9765 Troy Fork Suite 946
South Jeremy, UT 86557"
Justin Conner,920520050031,"317 Hannah Overpass
Yangbury, GA 59391"
Laura Gentry,871210085662,"170 Joseph Point
East Amy, MA 87457"
Christian Reed,820903053392,"343 Catherine Cliffs
Alexiston, GA 64008"
Steven Vasquez,900110055013,"058 Andrew Junction Suite 210
Deborahfort, NJ 01610"
Megan Young,930108010735,"60445 Chase Junction
Floresshire, WA 47533"
Angelica Sutton,1008113196,"37817 Hall Park
Bradybury, FM 37107"
Jim Turner,961005122544,"94857 Donna Crossroad
New Cynthia, ID 69996"
Barry Woods,721218040728,"220 Kevin Road Suite 932
South Kayla, DC 11168"
Jason Rogers,780308025054,"26798 Joseph Mountains Apt. 706
Gabriellahaven, VA 03743"
Jennifer James,910503010115,"50763 Michelle Road
Melissahaven, CA 68916"
Peter King,710606128184,"8155 Dustin Shoals Apt. 867
Ashleyton, IL 59476"
Jennifer Brown,800917024274,"0409 Sarah Ramp
North Kayla, SC 09846"
Alexander Wolf,930216017743,"271 Kevin Drive
West Matthew, AL 64775"
Stephanie Mcpherson,940227015294,"33345 Mark Center
Sherrybury, UT 96865"
Angela Mendoza,990325052043,"Unit 9398 Box 1783
DPO AE 18865"
Andrew Washington,841206076126,"9040 Ryan Ranch
West Angela, PA 75312"
Nicole Rogers,920507023956,"833 Chase Shoal Suite 926
Port Jerry, MS 77929"
Antonio Bryant,750713020264,"5030 Joseph Rapids
Millerfurt, MH 55726"
Stephanie Mcmahon,851108032977,"7543 Jeremiah Inlet
East Benjamin, DE 28964"
Sara Wilson,940503102291,"1718 Sullivan Terrace Apt. 475
Obrienburgh, AR 05285"
David Rogers,760305093412,"48692 Matthew Neck
Brownview, CA 11426"
Danielle Hernandez,870111019304,"55786 Melissa Canyon Suite 314
New Jerry, WA 39386"
Caleb Alexander,851118049836,"868 Scott Oval Apt. 329
North Angelatown, SD 50178"
Melissa Gordon,840623023056,"34340 Kevin Manor
Fuentesstad, NY 15815"
Kevin Stokes,900307070542,"3904 Oconnell Roads
Brownburgh, GA 79999"
Timothy Shea,881020040994,"796 Lisa Stravenue Suite 702
South Heather, NM 36037"
Miranda James,970224083625,"956 Renee Cliff
North Keithville, AS 55937"
Crystal Camacho,730126111553,"9335 Miller Ridges
Lake Vanessashire, NE 60198"
Deanna Vega,720704099080,"3080 Margaret Mount
Lake Seth, MS 95288"
Michael Henson,781202028141,"1022 Melissa Shoal
Clinehaven, MI 20483"
Michael Burton,920624122672,"8259 Melissa Route
North Toddbury, MO 18429"
Catherine Mosley,711123023384,"12213 Johnathan Club Suite 651
East Joshuahaven, MT 84412"
John Boyd,800413052724,"887 Alicia Mill
East Stephanie, NE 60207"
Vanessa Clay,820810023812,"651 Eric Center Suite 859
North Jessicamouth, AR 06179"
Douglas Wilson,940616110106,"242 Patricia Oval
Brownhaven, CO 83339"
Sara Wright,910417094780,"6892 Mary Center
North Sara, KY 38488"
Marie Henry,700909097349,"899 Erica Points Apt. 829
East Stephanie, MH 90622"
Daniel Griffin,750528084197,"8386 Stephanie Lane Suite 411
East Samantha, AL 27209"
Donald Berger,900715126818,"029 Christy Shoal Suite 844
New Felicia, KY 23963"
Katrina Hines,720810014905,"USNS Ford
FPO AP 89397"
Michael Cross,831125062426,"8686 Hodges Vista
Lake Kylefurt, ID 29796"
Emma Bates,801220086403,"09670 Heather Views
Gutierrezhaven, MA 96113"
Ashley Martin,730306027447,"31253 Kelly Crossing Apt. 730
Nguyenville, WV 45953"
Richard Garcia,881026056611,"15956 Emily Inlet
New Becky, IA 22557"
Michael Martin,980425024169,"2457 Dana Street
East Charlesport, GU 94823"
Nicolas Ewing,880526120534,"249 Denise Turnpike
Jonesshire, MD 44490"
Ashley Phillips,860730086064,"7737 Maria Common
Lake Lindaville, CO 63392"
Kathleen Stewart,720108108378,"87261 Ford Square Apt. 503
Lake Ryan, AL 37776"
Sarah Jenkins,841120094191,"631 Sloan Course
Howellberg, UT 90453"
Kenneth Wilson,710103052414,"2785 Hall Fort
North Brittney, MD 97275"
Stacy Dunn,751117128495,"261 Tanner Cliff Apt. 802
Sullivanside, CA 27315"
Traci Swanson,790904068511,"332 Garcia Station
Joneschester, KS 09059"
Kimberly Reed,801019116891,"USNS Johnson
FPO AA 35734"
Michael Gonzalez,890504081721,"57786 Harrell Mount Suite 471
West Kelly, NY 51280"
Erica Mendez,810328016182,"4631 Grant Plains Apt. 156
West Kelly, CA 20338"
Valerie Mckay,860713081749,"940 Kayla Circles Suite 476
South Fernandotown, IN 03771"
Robert Davis,730104077313,"50635 Heidi Rapid Apt. 162
South Karen, MH 35234"
Greg Yoder,850206113728,"08136 Chandler Drive
Velezburgh, IN 05188"
Brian Kim,1103111972,"553 Bailey Mews Apt. 471
South Christopherside, WI 04203"
Pamela Ellis,750520061443,"31728 Joseph Spur Suite 346
East Sandra, MI 36921"
James Howard,760825098392,"28592 Mcbride Roads
Robertstad, WY 68697"
Jessica Larson,790206027045,"8106 Perkins Club
Bradfordberg, NJ 86772"
Kathleen Carter,800818128042,"134 Santiago Hill Suite 446
Georgeland, OR 85903"
Maurice Ward,851102069531,"015 Hanna Common Apt. 718
Knoxfurt, MT 16206"
Courtney Garcia,720224096506,"65558 Myers Forge Apt. 715
Brookehaven, KS 16548"
Dana Garrison,700730105460,"56807 Tyrone Meadow
Feliciaburgh, DE 58523"
Nicholas Klein,781106010327,"89014 Shelby Square
West Walter, MN 94178"
Kelli Harris,820826014123,"211 Daniel Burgs
Jennifermouth, MD 30284"
Eric Mccarty,831019029721,"385 Sutton Ports
Brucechester, VI 66541"
Christopher Chavez,700610081820,"1856 Hampton Valleys
South Adammouth, LA 72449"
Makayla Stevens,851104081610,"914 Kathleen Manors
West Monica, PR 56658"
Sean Thomas Jr.,720929116258,"3847 Griffith Extension Apt. 038
West Matthew, PW 14189"
Michael Taylor,990912112647,"2374 Thompson Junction
East Stacy, MS 64864"
Donald Martinez,980903025749,"0553 Campbell Crescent
Danielport, KS 29656"
Gregory Martinez,920209119237,"6344 Gregory Walk
South Bonnie, HI 52806"
Mary Collins,820106010999,"855 John Stravenue
Johnchester, NY 75733"
